timestamp	contentId	field	base_value	new_value
2026-01-16T16:27:55	sm12114782	sub_song	_theBlue	theBlue
2026-01-16T16:27:55	sm12114782	sub_artist	フカクボリョウ	リョウ
2026-01-16T16:29:26	sm23134050	sub_artist	れをる,ギガ	△○□×
2026-01-17T02:52:24	sm10009443	sub_artist	かぴたろう	武井宏之
2026-01-17T02:52:24	sm10282629	sub_artist	ひとしずく	やま△
2026-01-17T02:52:24	sm10583387	sub_artist	疾風P	杉春圭
2026-01-17T02:52:24	sm11376732	sub_artist	無力P	ゐつ
2026-01-17T02:52:24	sm12169079	sub_artist	えへへP	はみ
2026-01-17T02:52:24	sm12169079	sub_artist	えへへP	卓球少年
2026-01-17T02:52:24	sm12215709	sub_artist	ep0d	0108-音屋-
2026-01-17T02:52:24	sm12850213	sub_artist	DECO*27	四次元P
2026-01-17T02:52:24	sm13452778	sub_artist	おにゅうP	ピノキオピー
2026-01-17T02:52:24	sm14641461	sub_artist	キラ星ひかる	みちる画伯
2026-01-17T02:52:24	sm14835645	sub_artist	すずきP	リョータイ
2026-01-17T02:52:24	sm14875967	sub_artist	中西	HoneyWorks
2026-01-17T02:52:24	sm16203010	sub_artist	トーマ	染香
2026-01-17T02:52:24	sm17153408	sub_artist	Neru	ざうに
2026-01-17T02:52:24	sm17403742	sub_artist	れるりり	aiji hayama
2026-01-17T02:52:24	sm18684672	sub_song	Masked BitcH	Masked bitcH
2026-01-17T02:52:24	sm18684672	sub_artist	ギガ	q*Left
2026-01-17T02:52:24	sm19532707	sub_artist	ギガ	れをる
2026-01-17T02:52:24	sm19811204	sub_artist	150P	スズム
2026-01-17T02:52:24	sm19904452	sub_artist	うたたP	鳥居羊
2026-01-17T02:52:24	sm20364432	sub_artist	ika	ゐつ
2026-01-17T02:52:24	sm20644278	sub_artist	ギガ	れをる
2026-01-17T02:52:24	sm21210233	sub_artist	赤髪	Mary
2026-01-17T02:52:24	sm21403089	sub_artist	ギガ	れをる
2026-01-17T02:52:24	sm22349544	sub_artist	ギガ	れをる
2026-01-17T02:52:24	sm22942867	sub_artist	ギガ	れをる
2026-01-17T02:52:24	sm23092092	sub_artist	うたたP	鳥居羊
2026-01-17T02:52:24	sm23134050	sub_artist	ギガ	れをる
2026-01-17T02:52:24	sm23229863	sub_artist	ギガ	スズム
2026-01-17T02:52:24	sm23293651	sub_artist	Cna,牛肉	志輝
2026-01-17T02:52:24	sm23293651	sub_artist	Cna,牛肉	東雲なとり
2026-01-17T02:52:25	sm24021290	sub_artist	Crusher	CircusP
2026-01-17T02:52:25	sm24029703	sub_artist	ギガ	れをる
2026-01-17T02:52:25	sm24536934	sub_artist	ギガ	れをる
2026-01-17T02:52:25	sm24994325	sub_artist	うたたP	鳥居羊
2026-01-17T02:52:25	sm25336103	sub_artist	コン	大神アキラ
2026-01-17T02:52:25	sm25357480	sub_artist	さいとうP	リアルアキバボーイズ
2026-01-17T02:52:25	sm25773823	sub_artist	さいとうP	リアルアキバボーイズ
2026-01-17T02:52:25	sm25992986	sub_artist	キョータ	ゆずり
2026-01-17T02:52:25	sm31837608	sub_artist	YoP,koyori(電ポルP),はりーP,前略P	EVERGREEN LELAND STUDIO
2026-01-17T02:52:25	sm31837608	sub_artist	YoP,koyori(電ポルP),はりーP,前略P	3910Project
2026-01-17T02:52:25	sm31837608	sub_artist	YoP,koyori(電ポルP),はりーP,前略P	翠榎
2026-01-17T02:52:25	sm33249485	sub_artist	梅とら	ギガ
2026-01-17T02:52:25	sm3335060	sub_artist	シグナルP	nosuke
2026-01-17T02:52:25	sm34294264	sub_artist	Drop,葉月ゆら	一斗まる
2026-01-17T02:52:25	sm35866152	sub_artist	ギガ,八王子P	q*Left
2026-01-17T02:52:25	sm37601066	sub_artist	ギガ	q*Left
2026-01-17T02:52:26	sm39804594	sub_artist	ギガ	q*Left
2026-01-17T02:52:26	sm41948106	sub_artist	MELORKER	HAL
2026-01-17T02:52:26	sm42661297	sub_artist	r-906	Bonbero
2026-01-17T02:52:26	sm43244916	sub_song	Beyond the Way	Beyond the way
2026-01-17T02:52:26	sm43244916	sub_artist	ギガ	q*Left
2026-01-17T02:52:26	sm43895983	sub_artist	Gohgo	SLAVE.V-V-R
2026-01-17T02:52:26	sm43895983	sub_artist	Gohgo	小林幸子
2026-01-17T02:52:26	sm5056808	sub_artist	まこひめ	#cpdz
2026-01-17T02:52:26	sm5651671	sub_artist	LOLI.COM,タイツォン,タケ・ヨシキ	寺田まも
2026-01-17T02:52:26	sm5858956	sub_artist	どぶウサギ	愉快なヴォーパルバニーズ
2026-01-17T02:52:26	sm5858956	sub_artist	どぶウサギ	灯火はこ
2026-01-17T02:52:26	sm6177897	sub_song	Fate -運命の扉-	Fate
2026-01-17T02:52:26	sm6256856	sub_artist	ひとしずく	やま△
2026-01-17T02:52:26	sm7454296	sub_artist	えこ。	はいのことん
2026-01-17T02:52:26	sm7655998	sub_artist	テラ小室P,ポン酢P	Hal
2026-01-17T02:52:26	sm7862914	sub_artist	シグナルP	orange
2026-01-17T02:52:26	sm8033594	sub_artist	KeN,エンドケイプ	四次元P
2026-01-17T02:52:26	sm8033594	sub_artist	KeN,エンドケイプ	mikumix
2026-01-17T02:52:26	sm8128297	sub_artist	修羅場P	HAL
2026-01-17T02:52:26	sm8421503	sub_artist	ヤスオ	骨盤P
2026-01-17T02:52:26	sm8966268	sub_artist	おにゅうP	ピノキオピー
2026-01-17T02:52:26	sm9047804	sub_artist	Treow	NaturaLe
2026-01-17T02:52:26	sm9206487	sub_artist	モジャP	にれぎる
2026-01-17T02:52:26	sm9565069	sub_artist	デスおはぎ	sforza_t
2026-01-17T02:52:26	so11251950	sub_artist	OSETR project,doriko,流星P	ちーむMOER
2026-01-17T02:52:26	so23995080	sub_artist	滝善充	尾形回帰
2026-01-17T02:52:26	so26811408	sub_artist	KURIS,YUICHI NAKASE	神無月P
2026-01-19T18:07:08	sm5090668	sub_artist	halP	hal
2026-01-19T18:07:08	sm9874560	sub_song	Nostalogic	Nostalgic
2026-01-19T18:07:08	sm45300860	sub_artist	Camelots,キツネリ	ゆくえレコーズ
2026-01-19T18:07:08	sm45656789	sub_song	ここにタイトルを入力	まるで映画みたく下らない。
2026-01-19T18:07:08	sm45656789	sub_artist	無色透名祭公式	芥田レンリ
